source_name,source_column,transformation_rules,destination_column,destination_name,qc_rules
DIKADER_TABLE,CGB_NUMMER,,CGB_NUMMER_RENAMED,DIKADER_APPEND_TRANSFORMED,
DIKADER_TABLE,VERBINDINGSNUMMER,,VERBINDINGSNUMMER_RENAMED,DIKADER_APPEND_TRANSFORMED,
DIKADER_TABLE,PROJECTNUMMER_KABELWERK,"[{""function"":""hash""},{""function"":""trim""}]",PROJECTNUMMER_KABELWERK,DIKADER_APPEND_TRANSFORMED,
DIKADER_TABLE,FASE_KABELWERK,"[{""function"":""lower""}]",FASE_KABELWERK,DIKADER_APPEND_TRANSFORMED,
DIKADER_TABLE,POSTCODE,,POSTCODE1,DIKADER_APPEND_TRANSFORMED,
DIKADER_TABLE,HUISNUMMER,"[{""function"":""lower""}]",HUISNUMMER,DIKADER_APPEND_TRANSFORMED,
