[
  {
    "NAME": "CGB_NUMMER_RENAMED",
    "DATA_TYPE": "numeric(9)",
    "NULLABLE": "NOT NULL"
  },
  {
    "NAME": "VERBINDINGSNUMMER_RENAMED",
    "DATA_TYPE": "numeric(9)",
    "NULLABLE": "NULL"
  },
  {
    "NAME": "PROJECTNUMMER_KABELWERK",
    "DATA_TYPE": "char(12)",
    "NULLABLE": "NULL"
  },
  {
    "NAME": "FASE_KABELWERK",
    "DATA_TYPE": "char(2)",
    "NULLABLE": "NULL"
  },
  {
    "NAME": "POSTCODE1",
    "DATA_TYPE": "varchar2(256)",
    "NULLABLE": "NULL"
  },
  {
    "NAME": "HUISNUMMER",
    "DATA_TYPE": "char(9)",
    "NULLABLE": "NULL"
  }
]
